district,School Basic Sanitation,School Educational Infrastructure,School Facilities,School Physical Infrastructure,School Profile
sepahijala,7.0,8.0,3.0,4.0,5.0
sangrur,10.0,7.0,8.0,3.0,4.0
alipurduar,7.0,8.0,4.0,3.0,4.0
gwalior,7.0,5.0,7.0,3.0,2.0
uttar dinajpur,7.0,9.0,3.0,2.0,4.0
pashchim champaran,10.0,7.0,3.0,4.0,4.0
dhaulpur,7.0,6.0,6.0,3.0,4.0
bokaro,7.0,7.0,6.0,2.0,4.0
rajnandgaon,7.0,9.0,5.0,3.0,4.0
barwani,7.0,9.0,5.0,4.0,4.0
baragarh,10.0,9.0,5.0,3.0,4.0
surguja,7.0,9.0,5.0,3.0,4.0
bhadradri,7.0,10.0,5.0,2.0,4.0
tiruvarur,10.0,8.0,6.0,3.0,4.0
chamoli,7.0,9.0,5.0,2.0,4.0
darbhanga,10.0,8.0,2.0,3.0,4.0
mandi,10.0,9.0,6.0,2.0,5.0
jagtial,7.0,9.0,6.0,2.0,3.0
paschim medinipur,7.0,10.0,5.0,3.0,4.0
nabarangpur,10.0,10.0,4.0,4.0,4.0
jaisalmer,7.0,7.0,5.0,3.0,4.0
kangpokpi,6.0,8.0,3.0,4.0,4.0
mansa,10.0,8.0,8.0,3.0,4.0
purulia,7.0,9.0,3.0,3.0,4.0
mandla,7.0,10.0,5.0,4.0,4.0
kolkata,10.0,9.0,5.0,4.0,1.0
chirang,7.0,8.0,4.0,4.0,4.0
bulandshahr,7.0,6.0,5.0,3.0,4.0
mamit,7.0,7.0,6.0,4.0,4.0
kendrapara,10.0,9.0,5.0,3.0,4.0
gopalganj,7.0,6.0,3.0,3.0,4.0
guntur,7.0,8.0,6.0,3.0,3.0
east kameng,6.0,8.0,3.0,3.0,4.0
indore,7.0,3.0,6.0,3.0,2.0
kohima,8.0,6.0,6.0,3.0,3.0
imphal east,10.0,7.0,5.0,3.0,4.0
pakke kessang,6.0,9.0,3.0,4.0,4.0
south 24 parganas,7.0,9.0,4.0,3.0,4.0
jorhat,6.0,9.0,4.0,4.0,4.0
janjgir - champa,7.0,8.0,5.0,3.0,4.0
washim,7.0,9.0,6.0,3.0,4.0
burhanpur,7.0,8.0,5.0,3.0,4.0
hooghly,7.0,9.0,4.0,3.0,4.0
dumka,7.0,9.0,5.0,2.0,4.0
deogarh,9.0,9.0,5.0,3.0,4.0
thiruvananthapuram,10.0,7.0,9.0,3.0,3.0
alappuzha,7.0,8.0,9.0,3.0,4.0
ahmadnagar,7.0,9.0,8.0,3.0,4.0
purba bardhaman,7.0,10.0,4.0,3.0,4.0
nuapada,6.0,9.0,4.0,4.0,4.0
raigarh,7.0,9.0,5.0,3.0,4.0
gorakhpur,7.0,6.0,5.0,3.0,4.0
lakhisarai,10.0,8.0,3.0,3.0,4.0
west khasi hills,9.0,6.0,1.0,4.0,4.0
kulgam,7.0,8.0,3.0,3.0,4.0
champawat,7.0,8.0,5.0,2.0,4.0
ramgarh,10.0,6.0,5.0,3.0,3.0
damoh,10.0,8.0,6.0,3.0,4.0
bikaner,10.0,5.0,6.0,3.0,3.0
sundergarh,10.0,9.0,5.0,3.0,4.0
ujjain,7.0,6.0,5.0,3.0,3.0
mokokchung,7.0,8.0,5.0,3.0,3.0
kodagu,10.0,8.0,7.0,3.0,4.0
rajkot,7.0,5.0,9.0,3.0,3.0
palghar,7.0,8.0,7.0,3.0,4.0
panchkula,10.0,8.0,7.0,3.0,3.0
jajpur,10.0,8.0,5.0,3.0,4.0
gurdaspur,10.0,8.0,7.0,3.0,4.0
junagadh,10.0,7.0,7.0,3.0,3.0
vadodara,10.0,7.0,8.0,3.0,3.0
chandrapur,7.0,9.0,7.0,3.0,4.0
hardwar,7.0,4.0,5.0,3.0,4.0
umaria,7.0,9.0,6.0,3.0,4.0
balrampur,7.0,8.0,4.0,3.0,4.0
churu,7.0,5.0,7.0,3.0,3.0
narayanpur,7.0,10.0,3.0,3.0,4.0
diu,10.0,9.0,8.0,6.0,4.0
dhenkanal,10.0,9.0,5.0,3.0,4.0
punch,7.0,9.0,2.0,3.0,4.0
unakoti,7.0,8.0,3.0,4.0,4.0
west tripura,7.0,9.0,4.0,3.0,4.0
pathankot,10.0,7.0,7.0,3.0,3.0
kinnaur,7.0,9.0,7.0,3.0,4.0
tiruchirappalli,10.0,7.0,7.0,3.0,3.0
chandauli,7.0,6.0,5.0,3.0,4.0
north 24 parganas,7.0,9.0,4.0,3.0,3.0
hoshiarpur,10.0,8.0,7.0,3.0,4.0
kullu,10.0,9.0,6.0,2.0,4.0
dakshina kannada,10.0,8.0,7.0,3.0,3.0
godda,7.0,9.0,5.0,2.0,4.0
balod,7.0,9.0,5.0,3.0,4.0
shrawasti,7.0,7.0,5.0,3.0,4.0
muzaffarnagar,7.0,4.0,4.0,3.0,3.0
kandhamal,9.0,10.0,4.0,4.0,4.0
shamli (prabudh nagar),7.0,5.0,5.0,3.0,4.0
kawardha,7.0,9.0,5.0,3.0,4.0
gir somnath,10.0,7.0,9.0,3.0,3.0
tikamgarh,7.0,8.0,4.0,3.0,4.0
pudukkottai,10.0,9.0,7.0,4.0,4.0
purbi singhbhum,7.0,8.0,6.0,3.0,3.0
ramanagara,7.0,9.0,5.0,3.0,4.0
garhwa,7.0,9.0,6.0,2.0,4.0
tonk,7.0,6.0,6.0,3.0,3.0
solan,10.0,8.0,6.0,3.0,4.0
ri bhoi,10.0,6.0,2.0,4.0,4.0
krishnagiri,10.0,8.0,7.0,2.0,4.0
dhemaji,7.0,9.0,5.0,4.0,4.0
tirunelveli,10.0,8.0,7.0,4.0,3.0
rudraprayag,7.0,8.0,4.0,2.0,4.0
nirmal,7.0,9.0,5.0,3.0,3.0
jamnagar,10.0,7.0,9.0,3.0,3.0
rampur,7.0,6.0,5.0,3.0,4.0
virudhunagar,10.0,8.0,7.0,4.0,3.0
khowai,6.0,10.0,3.0,4.0,4.0
anantapur,6.0,8.0,4.0,3.0,3.0
yadagiri,10.0,8.0,5.0,3.0,3.0
nagaon,6.0,8.0,4.0,4.0,4.0
kaithal,10.0,7.0,8.0,3.0,4.0
deoria,7.0,6.0,4.0,4.0,4.0
sangareddy,7.0,10.0,5.0,3.0,3.0
devbhoomi dwarka,7.0,8.0,9.0,3.0,4.0
banka,7.0,9.0,3.0,3.0,4.0
adilabad,7.0,10.0,5.0,3.0,4.0
khunti,7.0,9.0,5.0,2.0,4.0
ganderbal,7.0,8.0,4.0,3.0,4.0
bageshwar,7.0,9.0,4.0,2.0,4.0
fatehgarh sahib,10.0,9.0,7.0,3.0,4.0
visakhapatnam,6.0,8.0,5.0,3.0,3.0
gondiya,10.0,9.0,7.0,3.0,4.0
gonda,7.0,6.0,4.0,3.0,4.0
sibsagar,6.0,9.0,2.0,4.0,4.0
kancheepuram,10.0,6.0,7.0,3.0,3.0
rae bareli,7.0,7.0,3.0,3.0,4.0
jagatsinghpur,10.0,8.0,5.0,3.0,4.0
nanded,7.0,9.0,7.0,3.0,3.0
reasi,7.0,9.0,3.0,2.0,4.0
samastipur,7.0,7.0,4.0,3.0,4.0
kachchh,10.0,8.0,9.0,3.0,4.0
jhunjhunu,7.0,5.0,7.0,3.0,4.0
andaman islands,10.0,8.0,7.0,3.0,9.0
east godavari,6.0,7.0,6.0,3.0,4.0
purba champaran,10.0,8.0,2.0,3.0,4.0
gariaband,7.0,10.0,5.0,3.0,4.0
tehri garhwal,7.0,9.0,5.0,2.0,4.0
jaintia hills,17.0,7.0,2.0,4.0,5.0
latur,7.0,9.0,7.0,3.0,3.0
nadia,10.0,9.0,3.0,3.0,4.0
badgam,6.0,8.0,4.0,4.0,4.0
ganjam,10.0,8.0,5.0,4.0,4.0
mahesana,10.0,8.0,9.0,3.0,4.0
mathura,7.0,6.0,5.0,3.0,4.0
sukma,6.0,10.0,3.0,3.0,4.0
lower subansiri,8.0,6.0,4.0,3.0,4.0
nawanshahr,10.0,8.0,7.0,3.0,4.0
patna,7.0,7.0,3.0,3.0,3.0
dhamtari,7.0,9.0,5.0,3.0,4.0
north tripura,7.0,9.0,3.0,4.0,5.0
pauri,7.0,8.0,5.0,2.0,4.0
darjeeling,7.0,9.0,2.0,3.0,4.0
thane,10.0,6.0,9.0,4.0,2.0
etawah,7.0,6.0,5.0,3.0,4.0
kamle,7.0,9.0,4.0,3.0,4.0
hisar,10.0,6.0,8.0,3.0,3.0
wokha,9.0,8.0,3.0,4.0,4.0
rajsamand,10.0,7.0,5.0,3.0,4.0
vikarabad,7.0,10.0,5.0,3.0,4.0
phek,7.0,8.0,3.0,3.0,4.0
kupwara,7.0,9.0,3.0,3.0,4.0
kargil,7.0,9.0,2.0,4.0,7.0
mahabubabad,7.0,9.0,5.0,3.0,4.0
jind,10.0,7.0,7.0,3.0,4.0
aligarh,7.0,6.0,5.0,3.0,4.0
jhalawar,7.0,7.0,5.0,3.0,4.0
mahe,10.0,6.0,9.0,3.0,1.0
hingoli,7.0,9.0,6.0,3.0,4.0
sonbhadra,7.0,8.0,5.0,4.0,4.0
baksa,6.0,8.0,4.0,5.0,4.0
west sikkim,10.0,7.0,5.0,2.0,5.0
nagaur,7.0,6.0,6.0,3.0,4.0
barnala,10.0,7.0,8.0,4.0,3.0
dibang valley,8.0,10.0,4.0,4.0,3.0
dehradun,7.0,5.0,6.0,3.0,4.0
hapur (panchsheel nagar),10.0,5.0,4.0,3.0,3.0
sant kabir nagar,7.0,6.0,4.0,3.0,4.0
kurung kumey,5.0,8.0,2.0,3.0,4.0
the nilgiris,10.0,7.0,7.0,3.0,2.0
capital complex itanagar,7.0,5.0,5.0,3.0,2.0
north garo hills,10.0,6.0,1.0,4.0,4.0
pakaur,7.0,8.0,5.0,2.0,4.0
kurukshetra,7.0,8.0,7.0,3.0,4.0
hamirpur (h.p.),10.0,8.0,7.0,3.0,4.0
sirohi,7.0,7.0,6.0,3.0,4.0
churachandpur,10.0,8.0,3.0,3.0,4.0
nuh,7.0,8.0,6.0,3.0,4.0
madurai,10.0,6.0,6.0,3.0,3.0
bharatpur,7.0,5.0,6.0,3.0,3.0
bhandara,7.0,9.0,7.0,3.0,4.0
mahisagar,10.0,10.0,8.0,4.0,4.0
fatehabad,7.0,7.0,7.0,3.0,4.0
ajmer,7.0,5.0,7.0,3.0,3.0
wayanad,7.0,8.0,9.0,3.0,4.0
bhadrak,10.0,9.0,5.0,4.0,4.0
thanjavur,10.0,8.0,6.0,4.0,3.0
kishanganj,10.0,7.0,2.0,3.0,4.0
villupuram,10.0,7.0,7.0,3.0,4.0
sidhi,7.0,8.0,4.0,4.0,4.0
kangra,10.0,8.0,6.0,3.0,5.0
malappuram,7.0,8.0,9.0,3.0,4.0
khagaria,10.0,8.0,2.0,3.0,4.0
hassan,7.0,9.0,5.0,2.0,4.0
hanumangarh,7.0,5.0,7.0,3.0,4.0
chittoor,6.0,8.0,5.0,3.0,4.0
boudh,10.0,9.0,4.0,3.0,4.0
east garo hills,8.0,9.0,3.0,4.0,4.0
goalpara,6.0,8.0,4.0,3.0,4.0
kra dadi,10.0,10.0,2.0,4.0,4.0
lower siang,6.0,7.0,3.0,4.0,4.0
auraiya,7.0,6.0,4.0,3.0,4.0
dantewada,10.0,10.0,3.0,3.0,4.0
shahjahanpur,7.0,7.0,4.0,3.0,4.0
latehar,7.0,9.0,6.0,2.0,4.0
jalpaiguri,10.0,9.0,4.0,3.0,4.0
delhi,10.0,6.0,10.0,4.0,7.0
uttara kannada sirsi,10.0,10.0,5.0,2.0,4.0
rewa,7.0,7.0,5.0,3.0,4.0
jyotiba phule nagar (amroha),7.0,5.0,4.0,3.0,3.0
jalgaon,10.0,9.0,8.0,3.0,3.0
nandurbar,10.0,10.0,6.0,3.0,4.0
vaishali,10.0,8.0,4.0,3.0,4.0
bemetara,7.0,9.0,5.0,3.0,4.0
morbi,10.0,8.0,9.0,3.0,3.0
shivamogga,10.0,9.0,5.0,3.0,3.0
baramula,10.0,8.0,4.0,3.0,4.0
hyderabad,7.0,7.0,7.0,2.0,2.0
ahmedabad,7.0,5.0,9.0,3.0,3.0
charaideo,7.0,9.0,4.0,4.0,4.0
tengnoupal,6.0,8.0,3.0,4.0,4.0
panna,7.0,8.0,4.0,3.0,4.0
kakching,7.0,7.0,5.0,3.0,3.0
dibrugarh,7.0,9.0,4.0,4.0,4.0
shivpuri,7.0,8.0,5.0,3.0,4.0
howrah,7.0,9.0,4.0,3.0,3.0
hailakandi,7.0,6.0,2.0,4.0,4.0
kondagaon,7.0,10.0,5.0,3.0,4.0
sabar kantha,7.0,9.0,9.0,3.0,4.0
bongaigaon,7.0,8.0,3.0,4.0,4.0
begusarai,10.0,7.0,4.0,3.0,3.0
gadag,7.0,8.0,7.0,3.0,3.0
sirsa,7.0,8.0,7.0,3.0,4.0
wardha,10.0,9.0,7.0,3.0,4.0
dindigul,10.0,8.0,6.0,3.0,3.0
bhilwara,7.0,7.0,6.0,3.0,4.0
jalandhar,10.0,7.0,7.0,3.0,3.0
chandigarh,10.0,6.0,10.0,5.0,7.0
kiphire,13.0,9.0,3.0,3.0,4.0
korba,7.0,9.0,5.0,3.0,4.0
jhansi,7.0,6.0,4.0,3.0,3.0
kota,7.0,4.0,6.0,3.0,3.0
aravalli,10.0,9.0,8.0,4.0,4.0
nagarkurnool,7.0,9.0,5.0,3.0,4.0
aurangabad (bihar),7.0,8.0,2.0,3.0,4.0
anantnag,7.0,8.0,4.0,3.0,4.0
madhepura,7.0,7.0,2.0,4.0,4.0
bandipora,7.0,9.0,3.0,3.0,4.0
north goa,10.0,9.0,6.0,3.0,6.0
sagar,7.0,8.0,6.0,3.0,4.0
sangli,7.0,9.0,8.0,3.0,3.0
jamui,10.0,9.0,4.0,3.0,4.0
aizawl,7.0,5.0,5.0,3.0,4.0
firozabad,7.0,6.0,5.0,3.0,3.0
kokrajhar,6.0,7.0,4.0,4.0,4.0
warangal,7.0,8.0,6.0,3.0,3.0
dohad,10.0,9.0,7.0,4.0,4.0
kannur,10.0,8.0,9.0,3.0,3.0
chittaurgarh,7.0,7.0,6.0,3.0,4.0
tiruvallur,10.0,7.0,7.0,3.0,3.0
saiha,7.0,8.0,3.0,4.0,3.0
namakkal,10.0,8.0,8.0,4.0,3.0
vijayapura,7.0,7.0,6.0,3.0,3.0
siliguri,10.0,7.0,4.0,3.0,4.0
jhargram,7.0,10.0,5.0,3.0,4.0
botad,10.0,7.0,9.0,3.0,3.0
cooch bihar,7.0,9.0,5.0,3.0,4.0
lawngtlai,8.0,7.0,2.0,4.0,5.0
charkhi dadri,10.0,7.0,7.0,3.0,4.0
anuppur,7.0,9.0,4.0,4.0,4.0
ludhiana,10.0,6.0,8.0,3.0,3.0
durg,7.0,7.0,6.0,3.0,3.0
kalimpong,7.0,9.0,2.0,2.0,3.0
majuli,6.0,8.0,2.0,4.0,4.0
lucknow,7.0,5.0,6.0,3.0,3.0
ramanathapuram,10.0,8.0,7.0,3.0,4.0
raigarh (maharashtra),6.0,9.0,7.0,3.0,4.0
lalitpur,10.0,7.0,4.0,3.0,4.0
bankura,10.0,10.0,4.0,3.0,4.0
palakkad,7.0,8.0,9.0,3.0,4.0
uttara kannada,10.0,9.0,5.0,3.0,4.0
dhanbad,7.0,7.0,6.0,3.0,3.0
doda,7.0,9.0,3.0,3.0,4.0
ashoknagar,7.0,8.0,5.0,4.0,4.0
cuddalore,10.0,7.0,7.0,2.0,3.0
chamba,10.0,9.0,6.0,2.0,4.0
cuttack,10.0,8.0,5.0,3.0,4.0
bishnupur,7.0,7.0,4.0,3.0,3.0
gaya,7.0,7.0,3.0,3.0,4.0
muktsar,10.0,7.0,7.0,3.0,4.0
idukki,7.0,8.0,8.0,3.0,4.0
araria,10.0,8.0,2.0,3.0,4.0
lohardaga,7.0,8.0,6.0,2.0,4.0
basti,7.0,7.0,4.0,3.0,4.0
fazilka,10.0,7.0,7.0,3.0,4.0
kanshiram nagar,7.0,6.0,4.0,3.0,4.0
jaunpur,7.0,5.0,4.0,3.0,4.0
srinagar,7.0,5.0,5.0,3.0,1.0
dakshin dinajpur,10.0,9.0,3.0,2.0,4.0
banda,7.0,8.0,5.0,3.0,4.0
balasore,6.0,8.0,5.0,3.0,4.0
navsari,10.0,8.0,8.0,3.0,4.0
bilaspur (h.p.),7.0,9.0,6.0,2.0,4.0
kathua,7.0,8.0,3.0,3.0,4.0
belagavi chikkodi,7.0,8.0,6.0,3.0,3.0
amreli,10.0,8.0,10.0,3.0,3.0
pratapgarh (raj.),6.0,8.0,4.0,3.0,4.0
west kameng,7.0,5.0,4.0,3.0,4.0
bidar,7.0,7.0,5.0,2.0,3.0
chamarajanagara,10.0,9.0,6.0,3.0,4.0
pashchimi singhbhum,7.0,9.0,4.0,2.0,4.0
tawang,7.0,9.0,4.0,3.0,4.0
tinsukia,7.0,9.0,5.0,4.0,4.0
mainpuri,7.0,6.0,5.0,3.0,4.0
sahibganj,7.0,9.0,5.0,2.0,4.0
kanker,7.0,9.0,5.0,3.0,4.0
gumla,7.0,9.0,5.0,2.0,4.0
shopian,7.0,8.0,3.0,3.0,4.0
hoshangabad,7.0,8.0,6.0,3.0,4.0
almora,7.0,9.0,4.0,2.0,4.0
changlang,7.0,9.0,4.0,3.0,4.0
mahabubnagar,7.0,9.0,5.0,3.0,3.0
tiruppur,10.0,7.0,7.0,4.0,3.0
salem,10.0,7.0,7.0,2.0,3.0
panipat,7.0,5.0,8.0,3.0,3.0
kaimur (bhabua),10.0,8.0,3.0,3.0,4.0
daman,10.0,8.0,9.0,4.0,8.0
ratnagiri,7.0,10.0,7.0,3.0,4.0
karbi anglong,7.0,9.0,4.0,4.0,4.0
jalaun,7.0,7.0,5.0,3.0,3.0
agar malwa,7.0,6.0,6.0,3.0,4.0
yadadri,7.0,9.0,6.0,3.0,3.0
niwari,7.0,9.0,4.0,3.0,3.0
yanam,10.0,7.0,10.0,5.0,1.0
gomati,7.0,9.0,3.0,4.0,5.0
west karbi anglong,7.0,9.0,5.0,4.0,4.0
lakshadweep,10.0,10.0,9.0,4.0,9.0
kozhikode,10.0,8.0,9.0,3.0,3.0
rajgarh,10.0,8.0,6.0,3.0,4.0
siang,6.0,8.0,2.0,5.0,4.0
south tripura,7.0,10.0,3.0,4.0,5.0
south west khasi hills,9.0,8.0,1.0,4.0,4.0
chandel,7.0,9.0,4.0,3.0,4.0
jhabua,7.0,9.0,4.0,3.0,4.0
peddapalli,7.0,9.0,6.0,3.0,3.0
west siang,6.0,5.0,3.0,3.0,4.0
bengaluru rural,10.0,9.0,6.0,3.0,4.0
bareilly,7.0,6.0,5.0,3.0,4.0
zunheboto,7.0,9.0,4.0,3.0,4.0
kasaragod,10.0,7.0,9.0,3.0,4.0
surendranagar,10.0,8.0,9.0,3.0,3.0
sivagangai,10.0,8.0,6.0,4.0,4.0
nicobars,10.0,10.0,6.0,3.0,4.0
sheikhpura,7.0,8.0,3.0,3.0,3.0
gajapati,10.0,10.0,5.0,3.0,4.0
east sikkim,7.0,7.0,6.0,3.0,6.0
firozpur,10.0,8.0,6.0,3.0,4.0
faizabad,7.0,5.0,5.0,4.0,4.0
rohtas,10.0,6.0,4.0,3.0,4.0
koppal,7.0,8.0,6.0,3.0,3.0
moga,10.0,8.0,8.0,3.0,4.0
morena,7.0,6.0,5.0,4.0,3.0
nashik,7.0,9.0,7.0,3.0,4.0
jodhpur,7.0,5.0,6.0,3.0,4.0
hathras,7.0,6.0,5.0,3.0,4.0
chhotaudepur,10.0,10.0,6.0,3.0,4.0
udham singh nagar,7.0,5.0,6.0,3.0,4.0
chennai,10.0,5.0,9.0,3.0,1.0
rohtak,7.0,6.0,8.0,3.0,3.0
bengaluru urban,10.0,4.0,8.0,2.0,2.0
tiruvannamalai,10.0,8.0,7.0,3.0,4.0
haveri,7.0,9.0,6.0,3.0,3.0
dungarpur,7.0,8.0,4.0,4.0,4.0
jiribam,10.0,8.0,3.0,4.0,4.0
balaghat,7.0,8.0,5.0,3.0,4.0
jalna,7.0,8.0,7.0,3.0,4.0
bhiwani,7.0,7.0,7.0,3.0,4.0
jamtara,7.0,9.0,6.0,2.0,4.0
mahasamund,7.0,9.0,5.0,3.0,4.0
gurugram,10.0,5.0,8.0,4.0,3.0
bundi,7.0,6.0,5.0,3.0,4.0
leh (ladakh),7.0,8.0,4.0,3.0,7.0
samba,7.0,7.0,5.0,3.0,4.0
kapurthala,10.0,8.0,7.0,3.0,4.0
mirzapur,7.0,6.0,5.0,3.0,4.0
jharsuguda,10.0,8.0,6.0,3.0,3.0
hazaribag,7.0,7.0,6.0,2.0,4.0
ukhrul,5.0,7.0,3.0,3.0,4.0
narayanapet,7.0,9.0,5.0,3.0,3.0
chatra,7.0,9.0,4.0,2.0,4.0
bid,7.0,9.0,6.0,3.0,4.0
guna,7.0,8.0,5.0,4.0,3.0
sehore,7.0,7.0,5.0,3.0,4.0
medchal,7.0,7.0,7.0,3.0,1.0
maldah,7.0,8.0,3.0,3.0,4.0
south sikkim,10.0,7.0,5.0,3.0,5.0
osmanabad,10.0,9.0,8.0,3.0,3.0
alirajpur,7.0,10.0,3.0,4.0,4.0
satara,7.0,9.0,8.0,3.0,4.0
pune,7.0,8.0,8.0,3.0,3.0
jammu,7.0,6.0,5.0,3.0,4.0
banas kantha,10.0,9.0,9.0,3.0,4.0
sawai madhopur,7.0,5.0,6.0,3.0,4.0
puri,10.0,9.0,5.0,3.0,4.0
pratapgarh,7.0,6.0,3.0,3.0,4.0
chhatarpur,7.0,7.0,5.0,3.0,3.0
sikar,7.0,5.0,7.0,3.0,4.0
karimganj,7.0,7.0,2.0,4.0,4.0
madhubani,10.0,8.0,3.0,3.0,4.0
mulugu,7.0,10.0,5.0,3.0,4.0
bhagalpur,7.0,8.0,3.0,3.0,4.0
kheda,7.0,9.0,8.0,4.0,4.0
anand,10.0,8.0,9.0,4.0,3.0
cachar,7.0,9.0,3.0,3.0,4.0
kodarma,7.0,7.0,6.0,3.0,4.0
aurangabad (maharashtra),7.0,7.0,7.0,3.0,3.0
biswanath,6.0,9.0,4.0,4.0,4.0
harda,7.0,8.0,5.0,3.0,4.0
narsimhapur,7.0,8.0,6.0,3.0,4.0
dharwad,7.0,7.0,6.0,3.0,2.0
mungeli,7.0,9.0,5.0,3.0,4.0
bhind,7.0,7.0,5.0,3.0,3.0
nalgonda,7.0,9.0,6.0,3.0,3.0
sheopur,10.0,8.0,5.0,3.0,4.0
mon,11.0,8.0,3.0,3.0,4.0
yavatmal,7.0,9.0,7.0,3.0,4.0
nellore,6.0,8.0,5.0,3.0,3.0
baghpat,7.0,6.0,6.0,3.0,3.0
nagapattinam,10.0,8.0,7.0,4.0,4.0
allahabad,7.0,6.0,5.0,3.0,4.0
solapur,7.0,9.0,8.0,3.0,4.0
valsad,10.0,8.0,8.0,3.0,4.0
purba medinipur,7.0,9.0,4.0,3.0,4.0
ratlam,7.0,8.0,6.0,3.0,4.0
tapi,10.0,9.0,7.0,4.0,4.0
purnia,10.0,8.0,2.0,2.0,4.0
udhampur,6.0,9.0,3.0,3.0,4.0
deoghar,7.0,9.0,6.0,2.0,4.0
longleng,8.0,8.0,2.0,4.0,4.0
longding,14.0,9.0,3.0,4.0,4.0
seoni,7.0,9.0,5.0,3.0,4.0
khurdha,10.0,7.0,6.0,3.0,3.0
bhopal,7.0,3.0,6.0,3.0,2.0
noney,7.0,9.0,2.0,4.0,4.0
mahoba,7.0,7.0,5.0,3.0,3.0
kannauj,10.0,6.0,5.0,3.0,4.0
dewas,7.0,7.0,6.0,3.0,4.0
lunglei,7.0,6.0,3.0,4.0,4.0
lakhimpur kheri,7.0,8.0,4.0,4.0,4.0
udalguri,7.0,9.0,3.0,4.0,4.0
ballia,7.0,7.0,3.0,3.0,4.0
bharuch,10.0,8.0,7.0,3.0,4.0
lohit,7.0,8.0,2.0,4.0,3.0
jabalpur,7.0,7.0,6.0,3.0,3.0
dadra and nagar haveli(ut),10.0,9.0,7.0,3.0,10.0
jaipur,7.0,4.0,7.0,3.0,3.0
kollam,10.0,7.0,9.0,3.0,4.0
bhavnagar,10.0,8.0,9.0,3.0,3.0
sultanpur,7.0,6.0,3.0,3.0,4.0
rajanna,7.0,9.0,6.0,3.0,3.0
khargone,7.0,9.0,5.0,3.0,4.0
uttarkashi,7.0,8.0,4.0,2.0,4.0
barpeta,7.0,8.0,3.0,4.0,4.0
chikkaballapura,7.0,9.0,5.0,3.0,4.0
rangareddy,7.0,9.0,7.0,2.0,3.0
north sikkim,10.0,9.0,5.0,3.0,4.0
sindhudurg,7.0,10.0,6.0,3.0,4.0
yamunanagar,10.0,8.0,7.0,3.0,3.0
gautam buddha nagar,7.0,4.0,7.0,3.0,4.0
bagalkot,7.0,8.0,6.0,3.0,3.0
parbhani,7.0,8.0,7.0,3.0,3.0
jalor,7.0,6.0,6.0,3.0,4.0
varanasi,7.0,4.0,5.0,3.0,3.0
moradabad,10.0,4.0,4.0,3.0,3.0
sambalpur,10.0,8.0,5.0,4.0,4.0
amravati,7.0,9.0,7.0,3.0,3.0
theni,10.0,8.0,6.0,4.0,3.0
karnal,7.0,6.0,7.0,3.0,3.0
mysuru,7.0,8.0,6.0,3.0,3.0
east khasi hills,7.0,4.0,3.0,4.0,5.0
upper siang,7.0,9.0,2.0,4.0,4.0
nagpur,7.0,7.0,7.0,3.0,3.0
mohali,10.0,7.0,8.0,3.0,3.0
the dangs,10.0,10.0,7.0,3.0,4.0
ambala,7.0,7.0,7.0,3.0,3.0
nayagarh,10.0,8.0,5.0,3.0,4.0
papum pare,7.0,7.0,2.0,4.0,4.0
jashpur,7.0,9.0,5.0,3.0,4.0
serchhip,7.0,6.0,3.0,3.0,3.0
sirmaur,7.0,9.0,5.0,2.0,4.0
dimapur,7.0,6.0,6.0,3.0,4.0
karimnagar,7.0,8.0,6.0,3.0,3.0
balodabazar,7.0,9.0,5.0,3.0,4.0
kushinagar,7.0,6.0,4.0,3.0,4.0
pherzawl,6.0,8.0,2.0,4.0,4.0
una,10.0,9.0,7.0,3.0,4.0
kottayam,10.0,8.0,10.0,3.0,4.0
bilaspur,7.0,8.0,6.0,3.0,4.0
dharmapuri,10.0,8.0,7.0,3.0,4.0
baster,7.0,9.0,4.0,3.0,4.0
sonitpur,7.0,8.0,4.0,4.0,4.0
farrukhabad,7.0,6.0,4.0,3.0,4.0
mahendragarh,10.0,8.0,7.0,3.0,4.0
sambhal (bhim nagar),7.0,6.0,5.0,3.0,4.0
tumakuru madhugiri,10.0,9.0,5.0,3.0,4.0
bahraich,7.0,8.0,5.0,3.0,4.0
surat,10.0,5.0,8.0,3.0,3.0
bijapur,7.0,10.0,4.0,3.0,4.0
peren,9.0,8.0,4.0,3.0,4.0
ramban,10.0,9.0,2.0,3.0,4.0
chikkamangaluru,10.0,9.0,6.0,2.0,4.0
ghazipur,7.0,5.0,4.0,3.0,4.0
kamprup,7.0,7.0,4.0,3.0,2.0
nizamabad,7.0,9.0,6.0,3.0,3.0
ernakulam,7.0,7.0,10.0,3.0,3.0
barmer,7.0,8.0,5.0,3.0,4.0
bathinda,10.0,7.0,8.0,3.0,3.0
sheohar,10.0,8.0,3.0,4.0,4.0
kamrup,7.0,8.0,4.0,4.0,4.0
kalburgi,7.0,7.0,5.0,2.0,3.0
shajapur,7.0,6.0,5.0,3.0,4.0
morigaon,6.0,9.0,3.0,4.0,4.0
palwal,7.0,6.0,7.0,3.0,4.0
pondicherry,10.0,6.0,9.0,3.0,7.0
tuensang,8.0,8.0,2.0,3.0,4.0
raichur,7.0,7.0,5.0,2.0,3.0
mandya,10.0,9.0,5.0,3.0,4.0
belagavi,10.0,8.0,5.0,3.0,3.0
giridih,7.0,8.0,5.0,2.0,4.0
champhai,10.0,6.0,6.0,3.0,4.0
davanagere,10.0,8.0,6.0,2.0,3.0
koraput,10.0,10.0,4.0,4.0,4.0
vellore,10.0,7.0,7.0,3.0,3.0
nalanda,7.0,8.0,4.0,3.0,4.0
gadchiroli,7.0,10.0,6.0,3.0,4.0
betul,7.0,9.0,5.0,3.0,4.0
wanaparthy,7.0,9.0,5.0,3.0,3.0
sitamarhi,7.0,6.0,3.0,3.0,4.0
erode,10.0,8.0,7.0,3.0,3.0
bijnor,10.0,5.0,5.0,3.0,4.0
palamu,7.0,9.0,6.0,2.0,4.0
bhojpur,10.0,7.0,3.0,3.0,4.0
azamgarh,7.0,5.0,4.0,3.0,4.0
bhadoi,7.0,6.0,4.0,3.0,4.0
hamirpur (u.p.),7.0,6.0,4.0,3.0,3.0
barabanki,7.0,7.0,5.0,3.0,4.0
maharajganj,7.0,6.0,5.0,3.0,4.0
akola,7.0,8.0,7.0,3.0,3.0
perambalur,10.0,7.0,7.0,3.0,4.0
kaushambi,7.0,6.0,5.0,3.0,4.0
south garo hills,18.0,9.0,2.0,4.0,4.0
saran,10.0,7.0,2.0,3.0,4.0
siddipet,7.0,9.0,6.0,3.0,3.0
west garo hills,8.0,6.0,1.0,4.0,4.0
saharanpur,7.0,4.0,5.0,3.0,3.0
thoothukkudi,10.0,6.0,6.0,2.0,3.0
coimbatore,10.0,7.0,8.0,3.0,2.0
udupi,10.0,9.0,7.0,4.0,4.0
khandwa,7.0,8.0,5.0,3.0,4.0
panch mahals,10.0,9.0,7.0,4.0,4.0
vidisha,10.0,8.0,5.0,3.0,4.0
datia,7.0,8.0,6.0,3.0,3.0
udaipur,7.0,7.0,4.0,3.0,4.0
darrang,6.0,9.0,5.0,3.0,4.0
dhar,7.0,9.0,5.0,3.0,4.0
munger,7.0,8.0,2.0,3.0,3.0
golaghat,7.0,9.0,4.0,4.0,4.0
tamenglong,8.0,9.0,2.0,4.0,4.0
arwal,10.0,7.0,2.0,2.0,4.0
prakasam,6.0,8.0,5.0,3.0,4.0
singrauli,7.0,8.0,4.0,3.0,4.0
shahdol,7.0,9.0,5.0,4.0,4.0
rayagada,10.0,10.0,4.0,4.0,4.0
khammam,7.0,9.0,6.0,3.0,3.0
katni,7.0,8.0,5.0,3.0,4.0
chitrakoot,7.0,8.0,4.0,3.0,4.0
greater bombay,10.0,6.0,10.0,3.0,1.0
hardoi,7.0,7.0,5.0,3.0,4.0
south west garo hills,13.0,9.0,1.0,4.0,4.0
tirap,7.0,8.0,2.0,3.0,4.0
kalahandi,10.0,9.0,4.0,3.0,4.0
sonepur,10.0,8.0,4.0,3.0,4.0
pilibhit,7.0,6.0,4.0,3.0,4.0
west godavari,6.0,8.0,6.0,3.0,4.0
lower dibang valley,7.0,8.0,5.0,3.0,4.0
ghaziabad,7.0,3.0,6.0,3.0,3.0
mau,7.0,5.0,4.0,2.0,4.0
buldana,7.0,9.0,6.0,3.0,4.0
kanpur,7.0,6.0,5.0,3.0,3.0
kanniyakumari,10.0,6.0,8.0,4.0,2.0
east siang,7.0,8.0,4.0,3.0,4.0
kolhapur,7.0,9.0,8.0,3.0,4.0
karauli,7.0,6.0,6.0,3.0,4.0
namsai,6.0,8.0,2.0,4.0,4.0
budaun,7.0,7.0,5.0,3.0,4.0
faridkot,10.0,8.0,7.0,3.0,3.0
surajpur,7.0,9.0,5.0,3.0,4.0
shimla,7.0,9.0,6.0,3.0,5.0
supaul,7.0,7.0,3.0,3.0,4.0
chhindwara,10.0,9.0,6.0,3.0,4.0
medak,7.0,10.0,5.0,3.0,4.0
sitapur,7.0,7.0,4.0,4.0,4.0
kadapa,6.0,8.0,4.0,3.0,3.0
paschim bardhaman,10.0,9.0,4.0,3.0,3.0
jayashankar,7.0,9.0,5.0,3.0,4.0
amethi - csm nagar,7.0,7.0,4.0,4.0,4.0
raisen,10.0,8.0,6.0,3.0,4.0
senapati,9.0,9.0,2.0,4.0,4.0
amritsar,10.0,6.0,7.0,3.0,3.0
tumakuru,10.0,9.0,5.0,2.0,4.0
simdega,7.0,9.0,5.0,2.0,4.0
thrissur,10.0,8.0,10.0,3.0,3.0
ariyalur,10.0,8.0,7.0,4.0,4.0
pulwama,7.0,8.0,3.0,3.0,4.0
sonipat,10.0,6.0,7.0,4.0,3.0
patan,10.0,9.0,8.0,4.0,4.0
baran,6.0,7.0,4.0,3.0,4.0
komaram bheem,7.0,10.0,4.0,3.0,4.0
nainital,7.0,7.0,6.0,2.0,4.0
ganganagar,7.0,6.0,6.0,3.0,4.0
gandhinagar,10.0,6.0,9.0,3.0,3.0
south goa,10.0,9.0,6.0,3.0,7.0
neemuch,7.0,7.0,6.0,3.0,4.0
malkangiri,10.0,10.0,4.0,3.0,4.0
murshidabad,7.0,9.0,3.0,3.0,4.0
imphal west,10.0,6.0,5.0,3.0,3.0
dhubri,6.0,8.0,4.0,4.0,4.0
suryapet,7.0,9.0,6.0,3.0,3.0
faridabad,10.0,3.0,8.0,3.0,2.0
mancherial,7.0,9.0,5.0,2.0,3.0
etah,7.0,6.0,4.0,3.0,4.0
kamareddy,7.0,10.0,4.0,3.0,4.0
pathanamthitta,7.0,8.0,8.0,3.0,4.0
narmada,10.0,10.0,7.0,4.0,4.0
katihar,10.0,6.0,3.0,3.0,4.0
alwar,7.0,5.0,6.0,3.0,4.0
chitradurga,7.0,9.0,5.0,2.0,4.0
ambedkar nagar,7.0,5.0,4.0,3.0,4.0
dindori,7.0,9.0,5.0,4.0,4.0
angul,10.0,9.0,5.0,3.0,4.0
jogulamba,7.0,9.0,4.0,3.0,3.0
siddharthnagar,7.0,7.0,4.0,3.0,4.0
rajauri,7.0,8.0,3.0,3.0,4.0
ranchi,7.0,7.0,6.0,3.0,4.0
pali,7.0,6.0,7.0,3.0,4.0
patiala,10.0,7.0,7.0,3.0,3.0
shi yomi,8.0,6.0,2.0,4.0,4.0
mayurbhanj,10.0,9.0,5.0,3.0,4.0
keonjhar,6.0,9.0,5.0,4.0,4.0
birbhum,7.0,9.0,4.0,3.0,4.0
karaikal,10.0,7.0,9.0,3.0,4.0
dhalai,7.0,10.0,2.0,4.0,5.0
kurnool,7.0,7.0,5.0,3.0,3.0
taran taran,10.0,7.0,7.0,3.0,4.0
koriya,7.0,9.0,5.0,3.0,4.0
south salmara-mankachar,6.0,7.0,4.0,4.0,4.0
fatehpur,7.0,6.0,4.0,3.0,4.0
saharsa,10.0,7.0,2.0,3.0,4.0
mandsaur,7.0,7.0,5.0,3.0,4.0
thoubal,9.0,6.0,5.0,3.0,3.0
saraikela-kharsawan,10.0,9.0,5.0,2.0,4.0
kamjong,7.0,10.0,2.0,6.0,4.0
jhajjar,7.0,6.0,8.0,3.0,4.0
kishtwar,6.0,9.0,3.0,4.0,4.0
banswara,6.0,8.0,4.0,4.0,4.0
rewari,10.0,7.0,7.0,3.0,4.0
siwan,7.0,8.0,3.0,3.0,4.0
lepa rada,7.0,3.0,3.0,4.0,4.0
anjaw,7.0,9.0,2.0,3.0,4.0
jangaon,7.0,9.0,5.0,3.0,4.0
bolangir,9.0,9.0,4.0,3.0,4.0
srikakulam,6.0,9.0,4.0,3.0,4.0
rupnagar,10.0,9.0,7.0,3.0,4.0
unnao,10.0,7.0,5.0,3.0,4.0
karur,10.0,8.0,7.0,4.0,3.0
lahul & spiti,7.0,10.0,4.0,2.0,4.0
jehanabad,10.0,8.0,2.0,3.0,4.0
meerut,7.0,4.0,5.0,3.0,3.0
upper subansiri,6.0,9.0,3.0,4.0,4.0
agra,7.0,6.0,5.0,3.0,3.0
ballari,10.0,7.0,5.0,2.0,3.0
porbandar,10.0,8.0,8.0,3.0,3.0
pithoragarh,7.0,9.0,4.0,3.0,4.0
dhule,7.0,9.0,7.0,3.0,4.0
muzaffarpur,7.0,6.0,3.0,3.0,4.0
nawada,10.0,7.0,3.0,3.0,4.0
buxar,10.0,7.0,4.0,3.0,4.0
raipur,10.0,6.0,6.0,3.0,3.0
kolar,10.0,9.0,5.0,2.0,4.0
dima hasao,10.0,9.0,3.0,4.0,4.0
kolasib,7.0,6.0,4.0,3.0,3.0
dausa,7.0,6.0,6.0,3.0,4.0
satna,7.0,7.0,5.0,3.0,4.0
krishna,6.0,7.0,5.0,3.0,3.0
vizianagaram,6.0,9.0,5.0,3.0,4.0
nalbari,5.0,8.0,4.0,3.0,4.0
hojai,7.0,9.0,4.0,4.0,4.0
